# M5Stack Fire (16MB flash) — no OTA, single app partition.
# Compared to the generic no_ota.csv (4MB):
#   app:      2MB → 3MB   (firmware headroom 570KB → 1.5MB)
#   littlefs: 1.9MB → 12.9MB  (GIF/character storage)
#
# Name,     Type, SubType,  Offset,   Size,     Flags
nvs,        data, nvs,      0x9000,   0x5000,
otadata,    data, ota,      0xe000,   0x2000,
app0,       app,  ota_0,    0x10000,  0x300000,
littlefs,   data, spiffs,   0x310000, 0xCE0000,
coredump,   data, coredump, 0xFF0000, 0x10000,
